{
    "Novak Djokovic": 14064.036700000002,
    "Daniil Medvedev": 13592.556700000003,
    "Carlos Alcaraz": 11003.3186,
    "Jannik Sinner": 10485.36926666667,
    "Alexander Zverev": 9248.963641666667,
    "Taylor Fritz": 8090.909083333333,
    "Andrey Rublev": 7353.768666666665,
    "Casper Ruud": 6984.957708333333,
    "Holger Rune": 6834.144,
    "Stefanos Tsitsipas": 6782.518500000001,
    "Grigor Dimitrov": 5937.9614999999985,
    "Alex De Minaur": 5278.070233333334,
    "Hubert Hurkacz": 5224.749499999998,
    "Frances Tiafoe": 5129.739249999998,
    "Karen Khachanov": 4758.584783333334,
    "Tommy Paul": 4638.130833333333,
    "Ben Shelton": 4408.565541666668,
    "Ugo Humbert": 4099.872833333334,
    "Lorenzo Musetti": 4095.266283333332,
    "Francisco Cerundolo": 3497.7470833333323,
    "Felix Auger Aliassime": 3335.4830833333326,
    "Sebastian Korda": 3303.8969166666657,
    "Nicolas Jarry": 3229.9010000000007,
    "Tallon Griekspoor": 2984.3799166666677,
    "Cameron Norrie": 2970.379,
    "Alexander Bublik": 2918.7644999999993,
    "Jack Draper": 2918.048066666667,
    "Arthur Fils": 2834.2959999999994,
    "Tomas Martin Etcheverry": 2691.0343500000004,
    "Jiri Lehecka": 2666.37175,
    "Adrian Mannarino": 2659.7562500000004,
    "Tomas Machac": 2585.0524000000005,
    "Jordan Thompson": 2572.8485000000005,
    "Alexei Popyrin": 2543.0993333333327,
    "Sebastian Baez": 2498.3344583333346,
    "Jan Lennard Struff": 2497.483749999999,
    "Matteo Arnaldi": 2289.989666666667,
    "Alejandro Davidovich Fokina": 2210.718083333333,
    "Flavio Cobolli": 2151.403,
    "Zhizhen Zhang": 2013.766,
    "Miomir Kecmanovic": 2000.3582500000002,
    "Fabian Marozsan": 1893.0744333333332,
    "Alejandro Tabilo": 1855.9232500000003,
    "Alex Michelsen": 1854.983633333333,
    "Roberto Bautista Agut": 1801.5340000000008,
    "Roman Safiullin": 1795.0387500000002,
    "Sebastian Ofner": 1766.8212500000002,
    "Nuno Borges": 1746.8675000000003,
    "Marcos Giron": 1727.7964166666663,
    "Laslo Djere": 1695.5104999999996,
    "Christopher Eubanks": 1677.6035000000002,
    "Pedro Martinez": 1658.1744999999996,
    "Gael Monfils": 1649.8537666666668,
    "Lorenzo Sonego": 1639.9418333333333,
    "Borna Coric": 1626.6904999999997,
    "Alexander Shevchenko": 1612.3429166666674,
    "Roberto Carballes Baena": 1558.0037499999999,
    "Dusan Lajovic": 1551.4317500000002,
    "Brandon Nakashima": 1533.5165000000002,
    "Max Purcell": 1531.4679999999998,
    "Yannick Hanfmann": 1477.3445000000002,
    "Mariano Navone": 1456.4064000000008,
    "Aleksandar Vukic": 1443.4280833333337,
    "Christopher Oconnell": 1400.536666666666,
    "Botic Van De Zandschulp": 1392.6363333333336,
    "Arthur Rinderknech": 1380.9492500000006,
    "David Goffin": 1369.4743500000002,
    "Daniel Evans": 1347.2104999999997,
    "Pavel Kotov": 1340.961083333333,
    "Matteo Berrettini": 1333.2294333333334,
    "Jakub Mensik": 1307.2715000000003,
    "Luciano Darderi": 1302.3611666666666,
    "Denis Shapovalov": 1294.0055,
    "Stan Wawrinka": 1290.88625,
    "Yoshihito Nishioka": 1289.2893333333332,
    "Dominik Koepfer": 1281.17775,
    "Rinky Hijikata": 1281.1679166666665,
    "Thiago Seyboth Wild": 1269.215666666667,
    "Aslan Karatsev": 1268.5975,
    "Andy Murray": 1268.3697499999996,
    "Emil Ruusuvuori": 1244.4861666666666,
    "Alexandre Muller": 1244.4787500000002,
    "Daniel Altmaier": 1230.64875,
    "Thanasi Kokkinakis": 1219.51775,
    "Mackenzie Mcdonald": 1182.9255833333334,
    "Jaume Munar": 1166.7667500000005,
    "Hugo Gaston": 1140.68075,
    "Marton Fucsovics": 1124.8709999999996,
    "Taro Daniel": 1086.132,
    "Quentin Halys": 1062.136,
    "Facundo Diaz Acosta": 1051.9367499999998,
    "Arthur Cazaux": 1020.8761999999998,
    "Giovanni Mpetshi Perricard": 1011.8043333333335,
    "Cristian Garin": 1008.2554999999999,
    "Corentin Moutet": 993.5139999999999,
    "Federico Coria": 989.5590000000002,
    "Juncheng Shang": 986.0280000000001,
    "J J Wolf": 978.9269999999999,
    "Aleksandar Kovacevic": 962.218,
    "James Duckworth": 942.7454999999997,
    "Zizou Bergs": 934.8644999999996,
    "Luca Van Assche": 934.7770000000002,
    "Richard Gasquet": 932.301,
    "Fabio Fognini": 914.2927499999998,
    "Daniel Elahi Galan": 892.954,
    "Thiago Monteiro": 875.3672500000002,
    "Maximilian Marterer": 863.762,
    "Pedro Cachin": 854.5115000000001,
    "Gregoire Barrere": 851.893,
    "Hamad Medjedovic": 833.0450000000001,
    "Benjamin Bonzi": 803.2692500000002,
    "Dominic Stricker": 800.05325,
    "Constant Lestienne": 798.0169999999999,
    "Albert Ramos": 789.8760000000001,
    "Juan Pablo Varillas": 767.426,
    "Michael Mmoh": 763.3840000000001,
    "Francisco Comesana": 760.3604999999999,
    "Borna Gojo": 753.773,
    "Luca Nardi": 749.26,
    "Bernabe Zapata Miralles": 746.8240000000001,
    "Thiago Agustin Tirante": 734.802,
    "Tomas Barrios Vera": 731.3280000000001,
    "Bu Yunchaokete": 724.7497500000002,
    "Gabriel Diallo": 723.80975,
    "Dominic Thiem": 714.2300000000001,
    "Yosuke Watanuki": 695.47325,
    "Liam Broady": 647.478,
    "Jason Kubler": 641.0,
    "Hugo Dellien": 635.554,
    "Sumit Nagal": 629.33575,
    "Jurij Rodionov": 609.105,
    "Nicolas Moreno De Alboran": 600.776,
    "Diego Schwartzman": 600.241,
    "Yibing Wu": 598.8717500000001,
    "Radu Albot": 591.9380000000001,
    "Benoit Paire": 581.83,
    "Duje Ajdukovic": 571.884,
    "Juan Manuel Cerundolo": 566.4630000000001,
    "Giulio Zeppieri": 561.7724999999999,
    "Alex Molcan": 551.989,
    "Billy Harris": 547.1699999999998,
    "Mattia Bellucci": 540.0762500000001,
    "Jesper De Jong": 539.6650000000001,
    "Maxime Cressy": 534.089,
    "Zachary Svajda": 521.7499999999999,
    "Vit Kopriva": 512.366,
    "Camilo Ugo Carabelli": 510.549,
    "Kei Nishikori": 510.43,
    "Terence Atmane": 507.2100000000001,
    "Felipe Meligeni Alves": 500.16549999999995,
    "Otto Virtanen": 494.0555,
    "Lukas Klein": 488.34925000000004,
    "Shintaro Mochizuki": 481.318,
    "Filip Misolic": 480.38,
    "Andrea Vavassori": 476.867,
    "Harold Mayot": 475.6289999999999,
    "Pablo Llamas Ruiz": 471.33825,
    "Emilio Nava": 468.43499999999995,
    "Lloyd Harris": 457.6495,
    "Adam Walton": 452.92150000000004,
    "Gijs Brouwer": 449.9115,
    "Marco Trungelliti": 432.8035,
    "Facundo Bagnis": 430.74699999999996,
    "Marc Polmans": 423.964,
    "Benjamin Hassan": 422.994,
    "Jan Choinski": 420.27000000000004,
    "Denis Kudla": 419.68300000000005,
    "Elias Ymer": 413.613,
    "Damir Dzumhur": 413.43600000000004,
    "Andrea Pellegrino": 411.898,
    "Marc Andrea Huesler": 407.84475000000003,
    "Titouan Droguet": 398.743,
    "Antoine Escoffier": 397.537,
    "Patrick Kypson": 389.59375,
    "Dalibor Svrcina": 387.959,
    "Hugo Grenier": 386.09749999999997,
    "Jozef Kovalik": 385.208,
    "Beibit Zhukayev": 383.8255,
    "Rafael Nadal": 379.17375000000004,
    "Soon Woo Kwon": 373.67500000000007,
    "Vitaliy Sachko": 364.424,
    "Roman Andres Burruchaga": 362.58399999999995,
    "Matteo Gigante": 359.778,
    "Timofey Skatov": 357.13525000000004,
    "Dino Prizmic": 354.84,
    "Denis Yevseyev": 348.98400000000004,
    "Ivan Gakhov": 342.495,
    "Francesco Passaro": 340.73475,
    "Rudolf Molleker": 338.64400000000006,
    "Milos Raonic": 330.82475000000005,
    "Abedallah Shelbayh": 329.421,
    "Daniel Rincon": 324.0,
    "Alibek Kachmazov": 322.052,
    "Stefano Napolitano": 320.53000000000003,
    "Gustavo Heide": 317.96175,
    "Ugo Blanchet": 313.5805,
    "Enzo Couacaud": 298.775,
    "Pablo Carreno Busta": 297.6840833333334,
    "Mark Lajal": 297.0,
    "Kyrian Jacquet": 292.0,
    "Mate Valkusz": 291.0,
    "Alexander Ritschard": 289.727,
    "Li Tu": 285.262,
    "Alejandro Moro Canas": 284.854,
    "Pierre Hugues Herbert": 281.588,
    "Lukas Neumayer": 280.65799999999996,
    "Henrique Rocha": 280.45399999999995,